"","pH","n","Turbidez"
"1",0,2,378.997228589966
"2",1,8,480.206458429254
"3",2,32,1079.3535613242
"4",3,61,944.695418970054
"5",4,82,483.597225608992
"6",5,62,619.2283098505
"7",6,62,858.480937764224
"8",7,36,772.80893539603
"9",8,25,151.872300780628
"10",9,15,544.493220492182
"11",10,12,334.667516112957
"12",11,2,513.089874573291
"13",14,1,877.644456146456
